id,category,name,catalog_unit,stock_units,units_per_box,box_price,image_file,media_file,active
1,Sparklers,7 Cm Electric Sparklers,BOX,1000,10,10.0,product-001.jpg,product-001.mp4,true
2,Sparklers,7 Cm Colour Sparklers,BOX,1000,10,12.0,product-002.jpg,product-002.mp4,true
3,Sparklers,7 Cm Green Sparklers,BOX,1000,10,14.0,product-003.jpg,product-003.mp4,true
4,Sparklers,7 Cm Red Sparklers,BOX,1000,10,16.0,product-004.jpg,product-004.mp4,true
5,Sparklers,10 Cm Electric Sparklers,BOX,1000,10,21.0,product-005.jpg,product-005.mp4,true
6,Sparklers,10 Cm Colour Sparklers,BOX,1000,10,23.0,product-006.jpg,product-006.mp4,true
7,Sparklers,10 Cm Green Sparklers,BOX,1000,10,26.0,product-007.jpg,product-007.mp4,true
8,Sparklers,10 Cm Red Sparklers,BOX,1000,10,29.0,product-008.jpg,product-008.mp4,true
9,Sparklers,12 Cm Electric Sparklers,BOX,1000,10,32.0,product-009.jpg,product-009.mp4,true
10,Sparklers,12 Cm Colour Sparklers,BOX,1000,10,32.0,product-010.jpg,product-010.mp4,true
11,Sparklers,12 Cm Green Sparklers,BOX,1000,10,36.0,product-011.jpg,product-011.mp4,true
12,Sparklers,12 Cm Red Sparklers,BOX,1000,10,36.0,product-012.jpg,product-012.mp4,true
13,Sparklers,15 Cm Electric Sparklers,BOX,1000,10,50.0,product-013.jpg,product-013.mp4,true
14,Sparklers,15 Cm Colour Sparklers,BOX,1000,10,55.0,product-014.jpg,product-014.mp4,true
15,Sparklers,15 Cm Green Sparklers,BOX,1000,10,55.0,product-015.jpg,product-015.mp4,true
16,Sparklers,15 Cm Red Sparklers,BOX,1000,10,59.0,product-016.jpg,product-016.mp4,true
17,Sparklers,30 Cm Electric Sparklers,BOX,1000,10,50.0,product-017.jpg,product-017.mp4,true
18,Sparklers,30 Cm Colour Sparklers,BOX,1000,10,54.0,product-018.jpg,product-018.mp4,true
19,Sparklers,30 Cm Green Sparklers,BOX,1000,10,55.0,product-019.jpg,product-019.mp4,true
20,Sparklers,30 Cm Red Sparklers,BOX,1000,10,60.0,product-020.jpg,product-020.mp4,true
21,Sparklers,50 cm Electric Sparkles,BOX,1000,10,180.0,product-021.jpg,product-021.mp4,true
22,Sparklers,50 Cm Colour Sparklers,BOX,1000,10,190.0,product-022.jpg,product-022.mp4,true
23,Sparklers,50 Cm (5 IN 1) Sparklers,BOX,1000,10,220.0,product-023.jpg,product-023.mp4,true
24,Sparklers,75 Cm Electric Sparklers,BOX,1000,10,248.0,product-024.jpg,product-024.mp4,true
25,Sparklers,75 Cm Colour Sparklers,BOX,1000,10,273.0,product-025.jpg,product-025.mp4,true
26,Sparklers,Dancing Umbrella / Spinning Sparklers,BOX,1000,10,220.0,product-026.jpg,product-026.mp4,true
27,One Sound Crackers,"2 3/4"" Kuruvi Crackers",1 PKT,1000,10,11.0,product-027.jpg,product-027.mp4,true
28,One Sound Crackers,"3 1/2"" Lakshmi Crackers",1 PKT,1000,10,15.0,product-028.jpg,product-028.mp4,true
29,One Sound Crackers,"4"" 6 Ply - Lakshmi / Ben 10",1 PKT,1000,10,22.0,product-029.jpg,product-029.mp4,true
30,One Sound Crackers,"4"" 8 Ply - Lakshmi Deluxe Crackers",1 PKT,1000,10,30.0,product-030.jpg,product-030.mp4,true
31,One Sound Crackers,"4"" 10 Ply - Spider Man / Hanuman",1 PKT,1000,10,37.0,product-031.jpg,product-031.mp4,true
32,One Sound Crackers,"4"" 12 Ply - Lakshmi / Hulk",1 PKT,1000,10,45.0,product-032.jpg,product-032.mp4,true
33,One Sound Crackers,"5"" 12 Ply - Vikram",1 PKT,1000,10,50.0,product-033.jpg,product-033.mp4,true
34,One Sound Crackers,"4"" Gold Lakshmi",1 PKT,1000,10,40.0,product-034.jpg,product-034.mp4,true
35,One Sound Crackers,Two Sound Crackers,1 PKT,1000,10,40.0,product-035.jpg,product-035.mp4,true
36,Bijili Crackers,Red Bijili 50 Pcs,BAG,1000,10,20.0,product-036.jpg,product-036.mp4,true
37,Gold Bijli,Red Bijili Gold Foil (100 Pcs),BAG,1000,10,45.0,product-037.jpg,product-037.mp4,true
38,Gold Bijli,Stripped Bijili Gold Foil (100 Pcs),BAG,1000,10,50.0,product-038.jpg,product-038.mp4,true
39,Digital Lar/Digital Shower,100 Digital Robo / Kungfu Digital,BOX,1000,10,60.0,product-039.jpg,product-039.mp4,true
40,Digital Lar/Digital Shower,Magic Whip 1000 Digital,BOX,1000,10,180.0,product-040.jpg,product-040.mp4,true
41,Digital Lar/Digital Shower,Jagajal Lar 2000 Digital,BOX,1000,10,350.0,product-041.jpg,product-041.mp4,true
42,Digital Lar/Digital Shower,Yalini 5000 Digital,BOX,1000,10,490.0,product-042.jpg,product-042.mp4,true
43,Digital Lar/Digital Shower,100 K (10000 Digital With Shower),BOX,1000,10,550.0,product-043.jpg,product-043.mp4,true
44,Rockets,Baby Rocket,BOX,1000,10,52.0,product-044.jpg,product-044.mp4,true
45,Rockets,Colour Rocket,BOX,1000,10,87.0,product-045.jpg,product-045.mp4,true
46,Rockets,Rocket Bomb Deluxe,BOX,1000,10,100.0,product-046.jpg,product-046.mp4,true
47,Rockets,Lunik Rocket,BOX,1000,10,140.0,product-047.jpg,product-047.mp4,true
48,Multi Colour Special Shower,Layz Colour Fountain (1 Pc),BOX,1000,10,37.0,product-048.jpg,product-048.mp4,true
49,Multi Colour Special Shower,Tom & Jerry (1 Pc),BOX,1000,10,38.0,product-049.jpg,product-049.mp4,true
50,Multi Colour Special Shower,Kur Kur Fountain (1 Pc),BOX,1000,10,65.0,product-050.jpg,product-050.mp4,true
51,Multi Colour Special Shower,Golden Rain (5 Pcs),BOX,1000,10,103.0,product-051.jpg,product-051.mp4,true
52,Multi Colour Special Shower,Disco Shower / Colour Shower (5 in 1),BOX,1000,10,98.0,product-052.jpg,product-052.mp4,true
53,Multi Colour Special Shower,Tin Beer Shower (1 Pc),BOX,1000,10,95.0,product-053.jpg,product-053.mp4,true
54,Multi Colour Special Shower,Peacock Feather Shower (5 Pcs),BOX,1000,10,110.0,product-054.jpg,product-054.mp4,true
55,Multi Colour Special Shower,Tin Beer Multicolour Crackling Shower (1 Pc),BOX,1000,10,130.0,product-055.jpg,product-055.mp4,true
56,Multi Colour Special Shower,Power Ranger Crackling Fountain (5 Pcs),BOX,1000,10,160.0,product-056.jpg,product-056.mp4,true
57,Multi Colour Special Shower,Gems Fountain (5 Pcs),BOX,1000,10,170.0,product-057.jpg,product-057.mp4,true
58,Multi Colour Special Shower,Water Queen / Water Games,BOX,1000,10,220.0,product-058.jpg,product-058.mp4,true
59,Multi Colour Special Shower,Animal Shower / Pogo Shower (10 Pcs),BOX,1000,10,225.0,product-059.jpg,product-059.mp4,true
60,Multi Colour Special Shower,Tin Beer Multicolour Crackling Shower (Combo 3 Pcs),BOX,1000,10,300.0,product-060.jpg,product-060.mp4,true
61,Multi Colour Special Shower,U S A 6 In 1 Mega,BOX,1000,10,660.0,product-061.jpg,product-061.mp4,true
62,Mud Pot,Genie / Mini Pearl Mud Pot,BOX,1000,10,225.0,product-062.jpg,product-062.mp4,true
63,Mud Pot,Tim Tim Mud Pot,BOX,1000,10,230.0,product-063.jpg,product-063.mp4,true
64,Mud Pot,Little Star Mud Pot,BOX,1000,10,360.0,product-064.jpg,product-064.mp4,true
65,Mud Pot,Asharfi Mud Pot,BOX,1000,10,410.0,product-065.jpg,product-065.mp4,true
66,Mud Pot,Jasmine Mud Pot,BOX,1000,10,410.0,product-066.jpg,product-066.mp4,true
67,Mud Pot,2 In 1 Mud Pot,BOX,1000,10,450.0,product-067.jpg,product-067.mp4,true
68,Mud Pot,Colour Changing Mud Pot,BOX,1000,10,460.0,product-068.jpg,product-068.mp4,true
69,Mud Pot,Gift Pack Mud Pot,BOX,1000,10,875.0,product-069.jpg,product-069.mp4,true
70,Multi Function Novalties,Magic Musical & Sky 2 IN 1 Wonder,BOX,1000,10,190.0,product-070.jpg,product-070.mp4,true
71,Multi Function Novalties,Balle Balle / Rainy & Sunny 2 In 1 Fountain With Shot,BOX,1000,10,246.0,product-071.jpg,product-071.mp4,true
72,Multi Function Novalties,"Friend Flower Series 2 in 1 (Lover,Mercury,Moon)",BOX,1000,10,220.0,product-072.jpg,product-072.mp4,true
73,Multi Function Novalties,"Music Butterfly Series 3 in 1 (Fly, Loving, Kissing)",BOX,1000,10,255.0,product-073.jpg,product-073.mp4,true
74,Multi Function Novalties,Avengers,BOX,1000,10,265.0,product-074.jpg,product-074.mp4,true
75,Multi Function Novalties,Temple Run 4 In 1,BOX,1000,10,475.0,product-075.jpg,product-075.mp4,true
76,Musical Novelties,Siren Shower Mega (2 Pcs),BOX,1000,10,180.0,product-076.jpg,product-076.mp4,true
77,Musical Novelties,Siren Shower (5 Pcs),BOX,1000,10,210.0,product-077.jpg,product-077.mp4,true
78,Musical Novelties,Whizz Chakkar,BOX,1000,10,220.0,product-078.jpg,product-078.mp4,true
79,Musical Novelties,Musical Rocket / Whistling Rocket (5 Pcs),BOX,1000,10,180.0,product-079.jpg,product-079.mp4,true
80,Musical Novelties,Whizz Rocket Red & Green,BOX,1000,10,215.0,product-080.jpg,product-080.mp4,true
81,Musical Novelties,Angry Birds Whistling,BOX,1000,10,250.0,product-081.jpg,product-081.mp4,true
82,Peacock Series,Little Peacock / Baby Peacock,BOX,1000,10,130.0,product-082.jpg,product-082.mp4,true
83,Peacock Series,Magical Peacock (3 Way),BOX,1000,10,180.0,product-083.jpg,product-083.mp4,true
84,Peacock Series,Peacock Shower (Green / Red / Gold / Silver) (5 Way),BOX,1000,10,212.0,product-084.jpg,product-084.mp4,true
85,Peacock Series,Bada Peacock,BOX,1000,10,460.0,product-085.jpg,product-085.mp4,true
86,Peacock Series,Bada Peacock 2 In 1 Colour with Crackling,BOX,1000,10,480.0,product-086.jpg,product-086.mp4,true
87,Peacock Series,Bada Peacock Pink Colour,BOX,1000,10,510.0,product-087.jpg,product-087.mp4,true
88,Party Attraction,Helicopter,BOX,1000,10,100.0,product-088.jpg,product-088.mp4,true
89,Party Attraction,Photo Flash (5 Pcs),BOX,1000,10,97.0,product-089.jpg,product-089.mp4,true
90,Party Attraction,Colour Changing Butterfly,BOX,1000,10,98.0,product-090.jpg,product-090.mp4,true
91,Party Attraction,Top Spin Twister,BOX,1000,10,128.0,product-091.jpg,product-091.mp4,true
92,Party Attraction,Pappu Shower,BOX,1000,10,138.0,product-092.jpg,product-092.mp4,true
93,Party Attraction,Chocolate Chakkar (4 IN 1),BOX,1000,10,145.0,product-093.jpg,product-093.mp4,true
94,Party Attraction,Rainbow Smoke,BOX,1000,10,210.0,product-094.jpg,product-094.mp4,true
95,Party Attraction,4 x 4 Wheel,BOX,1000,10,218.0,product-095.jpg,product-095.mp4,true
96,Party Attraction,Money In The Bank (3 Pcs),BOX,1000,10,190.0,product-096.jpg,product-096.mp4,true
97,Party Attraction,Old is Gold / Old Is Best (25 Pcs),BOX,1000,10,205.0,product-097.jpg,product-097.mp4,true
98,Party Attraction,Currency Magic Paper/Millionaire,BOX,1000,10,230.0,product-098.jpg,product-098.mp4,true
99,Party Attraction,Top Gun,BOX,1000,10,250.0,product-099.jpg,product-099.mp4,true
100,Party Attraction,Black Money,BOX,1000,10,255.0,product-100.jpg,product-100.mp4,true
101,Party Attraction,Chakkar Celebration,BOX,1000,10,340.0,product-101.jpg,product-101.mp4,true
102,Party Attraction,Holifruit,BOX,1000,10,340.0,product-102.jpg,product-102.mp4,true
103,Party Attraction,Nemo Candle Fish Toy,BOX,1000,10,800.0,product-103.jpg,product-103.mp4,true
104,New Arrival,Lotus Wheel,BOX,1000,10,160.0,product-104.jpg,product-104.mp4,true
105,New Arrival,Dora (5 Pcs),BOX,1000,10,155.0,product-105.jpg,product-105.mp4,true
106,New Arrival,Min Mini Fountain (3 Pcs),BOX,1000,10,165.0,product-106.jpg,product-106.mp4,true
107,New Arrival,"Popcorn Shower 6""/ High Voltage",BOX,1000,10,165.0,product-107.jpg,product-107.mp4,true
108,New Arrival,"Double Ducker Shower 2 In 1 6""",BOX,1000,10,165.0,product-108.jpg,product-108.mp4,true
109,New Arrival,Wire Chakkara,BOX,1000,10,180.0,product-109.jpg,product-109.mp4,true
110,New Arrival,Galatta Siren Red & Green (5 Pcs),BOX,1000,10,190.0,product-110.jpg,product-110.mp4,true
111,New Arrival,Emu Egg (2 Pcs),BOX,1000,10,190.0,product-111.jpg,product-111.mp4,true
112,New Arrival,Thanos Purple Cone,BOX,1000,10,195.0,product-112.jpg,product-112.mp4,true
113,New Arrival,Hello Kitty Pink Cone,BOX,1000,10,195.0,product-113.jpg,product-113.mp4,true
114,New Arrival,Lolly Pop Stick,BOX,1000,10,200.0,product-114.jpg,product-114.mp4,true
115,New Arrival,"Rocktail Crackling Shower 8""",BOX,1000,10,210.0,product-115.jpg,product-115.mp4,true
116,New Arrival,"Triple Monkey Shower 3 In 1 8""",BOX,1000,10,210.0,product-116.jpg,product-116.mp4,true
117,New Arrival,"Goli soda Shower 8""",BOX,1000,10,210.0,product-117.jpg,product-117.mp4,true
118,New Arrival,Planet Wheel (Shower & Wheel),BOX,1000,10,235.0,product-118.jpg,product-118.mp4,true
119,New Arrival,Pistal 5 G Gun / 007 Gun,BOX,1000,10,240.0,product-119.jpg,product-119.mp4,true
120,New Arrival,Dragon Ball,BOX,1000,10,240.0,product-120.jpg,product-120.mp4,true
121,New Arrival,Bat & Ball,BOX,1000,10,250.0,product-121.jpg,product-121.mp4,true
122,New Arrival,Kinder Joy,BOX,1000,10,265.0,product-122.jpg,product-122.mp4,true
123,New Arrival,Kickables,BOX,1000,10,265.0,product-123.jpg,product-123.mp4,true
124,New Arrival,Spooky Toy Shower,BOX,1000,10,370.0,product-124.jpg,product-124.mp4,true
125,New Arrival,Race Car (2 Pcs),BOX,1000,10,430.0,product-125.jpg,product-125.mp4,true
126,Bombs,Atom Bomb Big Green,BOX,1000,10,68.0,product-126.jpg,product-126.mp4,true
127,Bombs,Hydro Bomb Green,BOX,1000,10,88.0,product-127.jpg,product-127.mp4,true
128,Bombs,King of King Green 3 Ply,BOX,1000,10,123.0,product-128.jpg,product-128.mp4,true
129,Bombs,Classic Bomb Green 5 Ply,BOX,1000,10,163.0,product-129.jpg,product-129.mp4,true
130,Bombs,Dinosaur 7 Ply,BOX,1000,10,185.0,product-130.jpg,product-130.mp4,true
131,Bombs,Hulk Bomb 12 Ply,BOX,1000,10,230.0,product-131.jpg,product-131.mp4,true
132,Toys,Electric Stone,BOX,1000,10,30.0,product-132.jpg,product-132.mp4,true
133,Toys,Kit Kat,BOX,1000,10,33.0,product-133.jpg,product-133.mp4,true
134,Toys,Kit Kat Mega,BOX,1000,10,46.0,product-134.jpg,product-134.mp4,true
135,Toys,Snake Tablet Big,10 Boxes,1000,10,37.0,product-135.jpg,product-135.mp4,true
136,Pencils,"7"" Flash Light / Magic Pencil",BOX,1000,10,25.0,product-136.jpg,product-136.mp4,true
137,Pencils,"10"" Diamond Candle",BOX,1000,10,90.0,product-137.jpg,product-137.mp4,true
138,Pencils,"12"" Golden Candle",BOX,1000,10,110.0,product-138.jpg,product-138.mp4,true
139,Mega Candles,Ultra Pencil,BOX,1000,10,60.0,product-139.jpg,product-139.mp4,true
140,Mega Candles,Cascade Pencil (3 Pcs),BOX,1000,10,115.0,product-140.jpg,product-140.mp4,true
141,Mega Candles,Selfie Stick (5 Pcs),BOX,1000,10,125.0,product-141.jpg,product-141.mp4,true
142,Mega Candles,C S K Cricket Bat,BOX,1000,10,155.0,product-142.jpg,product-142.mp4,true
143,Mega Candles,Sivakasi Special Torch,BOX,1000,10,215.0,product-143.jpg,product-143.mp4,true
144,Mega Candles,Popcorn Pencil (5 Pcs),BOX,1000,10,225.0,product-144.jpg,product-144.mp4,true
145,Twinkling Star,"1 1/2"" Twinkling Stars",BOX,1000,10,36.0,product-145.jpg,product-145.mp4,true
146,Twinkling Star,"4"" Twinkling Stars",BOX,1000,10,90.0,product-146.jpg,product-146.mp4,true
147,Ground Chakkar,Ground Chakkar Big (10 Pcs),BOX,1000,10,54.0,product-147.jpg,product-147.mp4,true
148,Ground Chakkar,Ground Chakkar Big (25 Pcs),BOX,1000,10,103.0,product-148.jpg,product-148.mp4,true
149,Ground Chakkar,Ground Chakkar Asoka,BOX,1000,10,65.0,product-149.jpg,product-149.mp4,true
150,Ground Chakkar,Ground Chakkar Special,BOX,1000,10,92.0,product-150.jpg,product-150.mp4,true
151,Ground Chakkar,Ground Chakkar Deluxe,BOX,1000,10,220.0,product-151.jpg,product-151.mp4,true
152,Wheel Series Window Pack,Win Wheel Mini,BOX,1000,10,150.0,product-152.jpg,product-152.mp4,true
153,Wheel Series Window Pack,Win Wheel Max,BOX,1000,10,180.0,product-153.jpg,product-153.mp4,true
154,Wheel Series Window Pack,Win Wheel Super,BOX,1000,10,240.0,product-154.jpg,product-154.mp4,true
155,Flower Pots,Flower Pots Small,BOX,1000,10,85.0,product-155.jpg,product-155.mp4,true
156,Flower Pots,Flower Pots Big,BOX,1000,10,120.0,product-156.jpg,product-156.mp4,true
157,Flower Pots,Flower Pots Special,BOX,1000,10,165.0,product-157.jpg,product-157.mp4,true
158,Flower Pots,Flower Pot Ashoka,BOX,1000,10,150.0,product-158.jpg,product-158.mp4,true
159,Flower Pots,Flower Pots Giant,BOX,1000,10,235.0,product-159.jpg,product-159.mp4,true
160,Flower Pots,Flower Pots Deluxe (5 Pcs),BOX,1000,10,250.0,product-160.jpg,product-160.mp4,true
161,Flower Pots,Flower Pots Colour Kotti,BOX,1000,10,315.0,product-161.jpg,product-161.mp4,true
162,Flower Pots,Flower Pots Colour Kotti Red,BOX,1000,10,375.0,product-162.jpg,product-162.mp4,true
163,Flower Pots,Flower Pots Colour Kotti Pink,BOX,1000,10,525.0,product-163.jpg,product-163.mp4,true
164,Flower Pots,Flower Pots Colour Kotti Deluxe,BOX,1000,10,500.0,product-164.jpg,product-164.mp4,true
165,Flower Pots (Window Box),Power Puff Mini Tricolour (3 Pcs),BOX,1000,10,120.0,product-165.jpg,product-165.mp4,true
166,Flower Pots (Window Box),Oyalo Super Deluxe,BOX,1000,10,180.0,product-166.jpg,product-166.mp4,true
167,Flower Pots (Window Box),Scooby Doo Tricolour (5 Pcs),BOX,1000,10,185.0,product-167.jpg,product-167.mp4,true
168,Flower Pots (Window Box),Tri colour Fountains Big (5 Pcs),BOX,1000,10,280.0,product-168.jpg,product-168.mp4,true
169,Flower Pots (Window Box),Mayajaal (5 Pcs),BOX,1000,10,250.0,product-169.jpg,product-169.mp4,true
170,"Chotta Fancy 1 1/4"" Pipe",God Of Cricket / History Of India,BOX,1000,10,40.0,product-170.jpg,product-170.mp4,true
171,"Chotta Fancy 1 1/4"" Pipe",Penta 5 Pcs Sky (Chotta Fancy),BOX,1000,10,135.0,product-171.jpg,product-171.mp4,true
172,"2"" Pipe Commet Single Pack",Leo / Dilli / Vikram / Rolex,BOX,1000,10,110.0,product-172.jpg,product-172.mp4,true
173,"2"" Pipe Commet Single Pack",Fast & Furious / Avengers Shot / Booty Camp / Green Beat,BOX,1000,10,110.0,product-173.jpg,product-173.mp4,true
174,"2"" Pipe (3 Pcs Packing)",Wonder La / Essel World / Queens Land,BOX,1000,10,330.0,product-174.jpg,product-174.mp4,true
175,"2"" Pipe (3 Pcs Packing)",Black Thunder / Veega Land / Ever Land,BOX,1000,10,330.0,product-175.jpg,product-175.mp4,true
176,"2"" Pipe (3 Pcs Packing)",Zig Zag / Tik Tak / Hit O Hit / Thriller / Empower Sky,BOX,1000,10,330.0,product-176.jpg,product-176.mp4,true
177,"2 1/2"" Pipe Commet Single","2 1/2"" Pipe 3 Steps (Fly Catcher / Robin / Green Finch / Black Bird)",BOX,1000,10,190.0,product-177.jpg,product-177.mp4,true
178,"2 1/2"" Pipe Commet Single","2 1/2"" Pipe 3 Steps (Gold Finch / Bull Finch / Chaf Finch / 3 Legend)",BOX,1000,10,190.0,product-178.jpg,product-178.mp4,true
179,"Night Attraction 3 1/2"" Pipe (Single PC Packing)",Fly Emirates/British Airways/Jet Airways/Go Air/Thai Airways,BOX,1000,10,300.0,product-179.jpg,product-179.mp4,true
180,"Night Attraction 3 1/2"" Pipe (Single PC Packing)",Jet I/Silver Rain/Rider/Witcher/Golden Boom/Insignia,BOX,1000,10,300.0,product-180.jpg,product-180.mp4,true
181,"3 1/2"" Pipe Aerial Attraction Special",Nayagara Falls (Single Pack),BOX,1000,10,365.0,product-181.jpg,product-181.mp4,true
182,"3 1/2"" Pipe Aerial Attraction Special",Nayagara Falls (Double Pack),BOX,1000,10,730.0,product-182.jpg,product-182.mp4,true
183,"3 1/2"" Pipe Aerial Attraction Special",7 Wonders 7 Steps (4-Variants),BOX,1000,10,425.0,product-183.jpg,product-183.mp4,true
184,"3 1/2"" Pipe Aerial Attraction Special",Matrix Double Ball (2-Variants),BOX,1000,10,520.0,product-184.jpg,product-184.mp4,true
185,"4"" Pipe Mega Aerial",Texcas Crackling,BOX,1000,10,425.0,product-185.jpg,product-185.mp4,true
186,"4"" Pipe Mega Aerial",Golden Eye - Nayagara Falls,BOX,1000,10,425.0,product-186.jpg,product-186.mp4,true
187,"4"" Pipe Mega Aerial",Night King/Space War/Magic Star,BOX,1000,10,500.0,product-187.jpg,product-187.mp4,true
188,"4"" Pipe Mega Aerial",Silver Fall/Single Ton/Glenfid Pich,BOX,1000,10,500.0,product-188.jpg,product-188.mp4,true
189,"4"" Pipe Mega Aerial",Purple Colour Wow,BOX,1000,10,500.0,product-189.jpg,product-189.mp4,true
190,"4"" Pipe Mega Aerial",Pink Colour Wow,BOX,1000,10,500.0,product-190.jpg,product-190.mp4,true
191,"4"" Pipe Mega Aerial",Orange Colour Wow,BOX,1000,10,500.0,product-191.jpg,product-191.mp4,true
192,"4"" Pipe Mega Aerial",Lemon Colour Wow,BOX,1000,10,500.0,product-192.jpg,product-192.mp4,true
193,"4"" Pipe Mega Aerial",Star War (Star Fish Like Blossom Crackling),BOX,1000,10,500.0,product-193.jpg,product-193.mp4,true
194,"4"" Pipe Mega Aerial",Tower Series (Double Pack),BOX,1000,10,850.0,product-194.jpg,product-194.mp4,true
195,"5"" Pipe Mega Aerial","5"" Mega Pipe Single",BOX,1000,10,700.0,product-195.jpg,product-195.mp4,true
196,"5"" Pipe Mega Aerial","5"" Mega Pipe Double Pack",BOX,1000,10,1450.0,product-196.jpg,product-196.mp4,true
197,Repeating Shots,7 Shots (5pcs),BOX,1000,10,150.0,product-197.jpg,product-197.mp4,true
198,Repeating Shots,12 Shots W-app/FB/Twitter/B-Tooth/You Tube/Android,BOX,1000,10,240.0,product-198.jpg,product-198.mp4,true
199,Multi Colour Shots (Premium),Coco 12 Shot,BOX,1000,10,175.0,product-199.jpg,product-199.mp4,true
200,Multi Colour Shots (Premium),15 Shot Express Multi-Colour,BOX,1000,10,370.0,product-200.jpg,product-200.mp4,true
201,Multi Colour Shots (Premium),9 Shot X-Man Mines,BOX,1000,10,510.0,product-201.jpg,product-201.mp4,true
202,Multi Colour Shots (Premium),30 Shot Express Multi-Colour,BOX,1000,10,490.0,product-202.jpg,product-202.mp4,true
203,Multi Colour Shots (Premium),60 Shot Express Multi-Colour,BOX,1000,10,980.0,product-203.jpg,product-203.mp4,true
204,Multi Colour Shots (Premium),120 Shot Express Multi-Colour,BOX,1000,10,1960.0,product-204.jpg,product-204.mp4,true
205,Multi Colour Shots (Premium),240 Shot Express Multi-Colour,BOX,1000,10,3920.0,product-205.jpg,product-205.mp4,true
206,Multi Colour Shots (Premium),520 Shot Multi-Colour,BOX,1000,10,7850.0,product-206.jpg,product-206.mp4,true
207,Repeating Shots (Economy),12 Shot Rider Spl Crackling Hexagon,BOX,1000,10,125.0,product-207.jpg,product-207.mp4,true
208,Repeating Shots (Economy),25 Shot Rider Crackling,BOX,1000,10,195.0,product-208.jpg,product-208.mp4,true
209,Repeating Shots (Economy),50 Shot Rider Crackling,BOX,1000,10,390.0,product-209.jpg,product-209.mp4,true
210,Repeating Shots (Economy),100 Shot Rider Crackling,BOX,1000,10,780.0,product-210.jpg,product-210.mp4,true
211,Repeating Shots (Economy),15 Shot Multi-Colour,BOX,1000,10,300.0,product-211.jpg,product-211.mp4,true
212,Repeating Shots (Economy),30 Shot Multi-Colour,BOX,1000,10,425.0,product-212.jpg,product-212.mp4,true
213,Repeating Shots (Economy),60 Shot Multi-Colour,BOX,1000,10,850.0,product-213.jpg,product-213.mp4,true
214,Repeating Shots (Economy),120 Shot Multi-Colour,BOX,1000,10,1700.0,product-214.jpg,product-214.mp4,true
215,Repeating Shots (Economy),240 Shot Multi-Colour,BOX,1000,10,3400.0,product-215.jpg,product-215.mp4,true
216,Display Shots,"Set Out 30 X 2""",BOX,1000,10,3000.0,product-216.jpg,product-216.mp4,true
217,Display Shots,15 Shot Pink Colour,BOX,1000,10,450.0,product-217.jpg,product-217.mp4,true
218,Display Shots,30 Shot Flash Joker,BOX,1000,10,600.0,product-218.jpg,product-218.mp4,true
219,Display Shots,30 Shot Crack Jack,BOX,1000,10,650.0,product-219.jpg,product-219.mp4,true
220,Display Shots,30 Peacock Dance With Crackling,BOX,1000,10,620.0,product-220.jpg,product-220.mp4,true
221,Display Shots,Top 5 X 10 Holi,BOX,1000,10,2800.0,product-221.jpg,product-221.mp4,true
222,Display Shots,Top 10 X 10 Display,BOX,1000,10,4200.0,product-222.jpg,product-222.mp4,true
223,Musical Shots Whistling,12 Shot Whistling,BOX,1000,10,320.0,product-223.jpg,product-223.mp4,true
224,Musical Shots Whistling,25 Shot Whistling,BOX,1000,10,650.0,product-224.jpg,product-224.mp4,true
225,Musical Shots Whistling,Whistling 100,BOX,1000,10,2100.0,product-225.jpg,product-225.mp4,true
