product_id,filename,status
1,product-001.mp4,TEST
2,product-002.mp4,OPTIONAL - upload when needed
3,product-003.mp4,OPTIONAL - upload when needed
4,product-004.mp4,OPTIONAL - upload when needed
5,product-005.mp4,OPTIONAL - upload when needed
6,product-006.mp4,OPTIONAL - upload when needed
7,product-007.mp4,OPTIONAL - upload when needed
8,product-008.mp4,OPTIONAL - upload when needed
9,product-009.mp4,OPTIONAL - upload when needed
10,product-010.mp4,OPTIONAL - upload when needed
11,product-011.mp4,OPTIONAL - upload when needed
12,product-012.mp4,OPTIONAL - upload when needed
13,product-013.mp4,OPTIONAL - upload when needed
14,product-014.mp4,OPTIONAL - upload when needed
15,product-015.mp4,OPTIONAL - upload when needed
16,product-016.mp4,OPTIONAL - upload when needed
17,product-017.mp4,OPTIONAL - upload when needed
18,product-018.mp4,OPTIONAL - upload when needed
19,product-019.mp4,OPTIONAL - upload when needed
20,product-020.mp4,OPTIONAL - upload when needed
21,product-021.mp4,OPTIONAL - upload when needed
22,product-022.mp4,OPTIONAL - upload when needed
23,product-023.mp4,OPTIONAL - upload when needed
24,product-024.mp4,OPTIONAL - upload when needed
25,product-025.mp4,OPTIONAL - upload when needed
26,product-026.mp4,OPTIONAL - upload when needed
27,product-027.mp4,OPTIONAL - upload when needed
28,product-028.mp4,OPTIONAL - upload when needed
29,product-029.mp4,OPTIONAL - upload when needed
30,product-030.mp4,OPTIONAL - upload when needed
31,product-031.mp4,OPTIONAL - upload when needed
32,product-032.mp4,OPTIONAL - upload when needed
33,product-033.mp4,OPTIONAL - upload when needed
34,product-034.mp4,OPTIONAL - upload when needed
35,product-035.mp4,OPTIONAL - upload when needed
36,product-036.mp4,OPTIONAL - upload when needed
37,product-037.mp4,OPTIONAL - upload when needed
38,product-038.mp4,OPTIONAL - upload when needed
39,product-039.mp4,OPTIONAL - upload when needed
40,product-040.mp4,OPTIONAL - upload when needed
41,product-041.mp4,OPTIONAL - upload when needed
42,product-042.mp4,OPTIONAL - upload when needed
43,product-043.mp4,OPTIONAL - upload when needed
44,product-044.mp4,OPTIONAL - upload when needed
45,product-045.mp4,OPTIONAL - upload when needed
46,product-046.mp4,OPTIONAL - upload when needed
47,product-047.mp4,OPTIONAL - upload when needed
48,product-048.mp4,OPTIONAL - upload when needed
49,product-049.mp4,OPTIONAL - upload when needed
50,product-050.mp4,OPTIONAL - upload when needed
51,product-051.mp4,OPTIONAL - upload when needed
52,product-052.mp4,OPTIONAL - upload when needed
53,product-053.mp4,OPTIONAL - upload when needed
54,product-054.mp4,OPTIONAL - upload when needed
55,product-055.mp4,OPTIONAL - upload when needed
56,product-056.mp4,OPTIONAL - upload when needed
57,product-057.mp4,OPTIONAL - upload when needed
58,product-058.mp4,OPTIONAL - upload when needed
59,product-059.mp4,OPTIONAL - upload when needed
60,product-060.mp4,OPTIONAL - upload when needed
61,product-061.mp4,OPTIONAL - upload when needed
62,product-062.mp4,OPTIONAL - upload when needed
63,product-063.mp4,OPTIONAL - upload when needed
64,product-064.mp4,OPTIONAL - upload when needed
65,product-065.mp4,OPTIONAL - upload when needed
66,product-066.mp4,OPTIONAL - upload when needed
67,product-067.mp4,OPTIONAL - upload when needed
68,product-068.mp4,OPTIONAL - upload when needed
69,product-069.mp4,OPTIONAL - upload when needed
70,product-070.mp4,OPTIONAL - upload when needed
71,product-071.mp4,OPTIONAL - upload when needed
72,product-072.mp4,OPTIONAL - upload when needed
73,product-073.mp4,OPTIONAL - upload when needed
74,product-074.mp4,OPTIONAL - upload when needed
75,product-075.mp4,OPTIONAL - upload when needed
76,product-076.mp4,OPTIONAL - upload when needed
77,product-077.mp4,OPTIONAL - upload when needed
78,product-078.mp4,OPTIONAL - upload when needed
79,product-079.mp4,OPTIONAL - upload when needed
80,product-080.mp4,OPTIONAL - upload when needed
81,product-081.mp4,OPTIONAL - upload when needed
82,product-082.mp4,OPTIONAL - upload when needed
83,product-083.mp4,OPTIONAL - upload when needed
84,product-084.mp4,OPTIONAL - upload when needed
85,product-085.mp4,OPTIONAL - upload when needed
86,product-086.mp4,OPTIONAL - upload when needed
87,product-087.mp4,OPTIONAL - upload when needed
88,product-088.mp4,OPTIONAL - upload when needed
89,product-089.mp4,OPTIONAL - upload when needed
90,product-090.mp4,OPTIONAL - upload when needed
91,product-091.mp4,OPTIONAL - upload when needed
92,product-092.mp4,OPTIONAL - upload when needed
93,product-093.mp4,OPTIONAL - upload when needed
94,product-094.mp4,OPTIONAL - upload when needed
95,product-095.mp4,OPTIONAL - upload when needed
96,product-096.mp4,OPTIONAL - upload when needed
97,product-097.mp4,OPTIONAL - upload when needed
98,product-098.mp4,OPTIONAL - upload when needed
99,product-099.mp4,OPTIONAL - upload when needed
100,product-100.mp4,OPTIONAL - upload when needed
101,product-101.mp4,OPTIONAL - upload when needed
102,product-102.mp4,OPTIONAL - upload when needed
103,product-103.mp4,OPTIONAL - upload when needed
104,product-104.mp4,OPTIONAL - upload when needed
105,product-105.mp4,OPTIONAL - upload when needed
106,product-106.mp4,OPTIONAL - upload when needed
107,product-107.mp4,OPTIONAL - upload when needed
108,product-108.mp4,OPTIONAL - upload when needed
109,product-109.mp4,OPTIONAL - upload when needed
110,product-110.mp4,OPTIONAL - upload when needed
111,product-111.mp4,OPTIONAL - upload when needed
112,product-112.mp4,OPTIONAL - upload when needed
113,product-113.mp4,OPTIONAL - upload when needed
114,product-114.mp4,OPTIONAL - upload when needed
115,product-115.mp4,OPTIONAL - upload when needed
116,product-116.mp4,OPTIONAL - upload when needed
117,product-117.mp4,OPTIONAL - upload when needed
118,product-118.mp4,OPTIONAL - upload when needed
119,product-119.mp4,OPTIONAL - upload when needed
120,product-120.mp4,OPTIONAL - upload when needed
121,product-121.mp4,OPTIONAL - upload when needed
122,product-122.mp4,OPTIONAL - upload when needed
123,product-123.mp4,OPTIONAL - upload when needed
124,product-124.mp4,OPTIONAL - upload when needed
125,product-125.mp4,OPTIONAL - upload when needed
126,product-126.mp4,OPTIONAL - upload when needed
127,product-127.mp4,OPTIONAL - upload when needed
128,product-128.mp4,OPTIONAL - upload when needed
129,product-129.mp4,OPTIONAL - upload when needed
130,product-130.mp4,OPTIONAL - upload when needed
131,product-131.mp4,OPTIONAL - upload when needed
132,product-132.mp4,OPTIONAL - upload when needed
133,product-133.mp4,OPTIONAL - upload when needed
134,product-134.mp4,OPTIONAL - upload when needed
135,product-135.mp4,OPTIONAL - upload when needed
136,product-136.mp4,OPTIONAL - upload when needed
137,product-137.mp4,OPTIONAL - upload when needed
138,product-138.mp4,OPTIONAL - upload when needed
139,product-139.mp4,OPTIONAL - upload when needed
140,product-140.mp4,OPTIONAL - upload when needed
141,product-141.mp4,OPTIONAL - upload when needed
142,product-142.mp4,OPTIONAL - upload when needed
143,product-143.mp4,OPTIONAL - upload when needed
144,product-144.mp4,OPTIONAL - upload when needed
145,product-145.mp4,OPTIONAL - upload when needed
146,product-146.mp4,OPTIONAL - upload when needed
147,product-147.mp4,OPTIONAL - upload when needed
148,product-148.mp4,OPTIONAL - upload when needed
149,product-149.mp4,OPTIONAL - upload when needed
150,product-150.mp4,OPTIONAL - upload when needed
151,product-151.mp4,OPTIONAL - upload when needed
152,product-152.mp4,OPTIONAL - upload when needed
153,product-153.mp4,OPTIONAL - upload when needed
154,product-154.mp4,OPTIONAL - upload when needed
155,product-155.mp4,OPTIONAL - upload when needed
156,product-156.mp4,OPTIONAL - upload when needed
157,product-157.mp4,OPTIONAL - upload when needed
158,product-158.mp4,OPTIONAL - upload when needed
159,product-159.mp4,OPTIONAL - upload when needed
160,product-160.mp4,OPTIONAL - upload when needed
161,product-161.mp4,OPTIONAL - upload when needed
162,product-162.mp4,OPTIONAL - upload when needed
163,product-163.mp4,OPTIONAL - upload when needed
164,product-164.mp4,OPTIONAL - upload when needed
165,product-165.mp4,OPTIONAL - upload when needed
166,product-166.mp4,OPTIONAL - upload when needed
167,product-167.mp4,OPTIONAL - upload when needed
168,product-168.mp4,OPTIONAL - upload when needed
169,product-169.mp4,OPTIONAL - upload when needed
170,product-170.mp4,OPTIONAL - upload when needed
171,product-171.mp4,OPTIONAL - upload when needed
172,product-172.mp4,OPTIONAL - upload when needed
173,product-173.mp4,OPTIONAL - upload when needed
174,product-174.mp4,OPTIONAL - upload when needed
175,product-175.mp4,OPTIONAL - upload when needed
176,product-176.mp4,OPTIONAL - upload when needed
177,product-177.mp4,OPTIONAL - upload when needed
178,product-178.mp4,OPTIONAL - upload when needed
179,product-179.mp4,OPTIONAL - upload when needed
180,product-180.mp4,OPTIONAL - upload when needed
181,product-181.mp4,OPTIONAL - upload when needed
182,product-182.mp4,OPTIONAL - upload when needed
183,product-183.mp4,OPTIONAL - upload when needed
184,product-184.mp4,OPTIONAL - upload when needed
185,product-185.mp4,OPTIONAL - upload when needed
186,product-186.mp4,OPTIONAL - upload when needed
187,product-187.mp4,OPTIONAL - upload when needed
188,product-188.mp4,OPTIONAL - upload when needed
189,product-189.mp4,OPTIONAL - upload when needed
190,product-190.mp4,OPTIONAL - upload when needed
191,product-191.mp4,OPTIONAL - upload when needed
192,product-192.mp4,OPTIONAL - upload when needed
193,product-193.mp4,OPTIONAL - upload when needed
194,product-194.mp4,OPTIONAL - upload when needed
195,product-195.mp4,OPTIONAL - upload when needed
196,product-196.mp4,OPTIONAL - upload when needed
197,product-197.mp4,OPTIONAL - upload when needed
198,product-198.mp4,OPTIONAL - upload when needed
199,product-199.mp4,OPTIONAL - upload when needed
200,product-200.mp4,OPTIONAL - upload when needed
201,product-201.mp4,OPTIONAL - upload when needed
202,product-202.mp4,OPTIONAL - upload when needed
203,product-203.mp4,OPTIONAL - upload when needed
204,product-204.mp4,OPTIONAL - upload when needed
205,product-205.mp4,OPTIONAL - upload when needed
206,product-206.mp4,OPTIONAL - upload when needed
207,product-207.mp4,OPTIONAL - upload when needed
208,product-208.mp4,OPTIONAL - upload when needed
209,product-209.mp4,OPTIONAL - upload when needed
210,product-210.mp4,OPTIONAL - upload when needed
211,product-211.mp4,OPTIONAL - upload when needed
212,product-212.mp4,OPTIONAL - upload when needed
213,product-213.mp4,OPTIONAL - upload when needed
214,product-214.mp4,OPTIONAL - upload when needed
215,product-215.mp4,OPTIONAL - upload when needed
216,product-216.mp4,OPTIONAL - upload when needed
217,product-217.mp4,OPTIONAL - upload when needed
218,product-218.mp4,OPTIONAL - upload when needed
219,product-219.mp4,OPTIONAL - upload when needed
220,product-220.mp4,OPTIONAL - upload when needed
221,product-221.mp4,OPTIONAL - upload when needed
222,product-222.mp4,OPTIONAL - upload when needed
223,product-223.mp4,OPTIONAL - upload when needed
224,product-224.mp4,OPTIONAL - upload when needed
225,product-225.mp4,OPTIONAL - upload when needed
